source ID,source name,source ref,source type,mapping type,target ID,target name,target ref,target type,mapping description,STIX ID,created,last modified
AML.M0023,AI Bill of Materials,course-of-action--62d0ba49-7343-48de-a756-ac5fdaf98c8f,mitigation,mitigates,AML.T0020,Poison Training Data,attack-pattern--d63c873b-7e01-437d-98ef-d681099c3377,technique,An AI BOM can help users identify untrustworthy model artifacts.,relationship--1f764d81-78ee-424c-8f95-edf125726977,14 March 2025,14 March 2025
AML.M0023,AI Bill of Materials,course-of-action--62d0ba49-7343-48de-a756-ac5fdaf98c8f,mitigation,mitigates,AML.T0019,Publish Poisoned Datasets,attack-pattern--89461ddf-4d27-40e7-ba53-8221012fe9c1,technique,An AI BOM can help users identify untrustworthy model artifacts.,relationship--e068cb9b-04df-4934-8171-bd7254057c9b,14 March 2025,14 March 2025
AML.M0023,AI Bill of Materials,course-of-action--62d0ba49-7343-48de-a756-ac5fdaf98c8f,mitigation,mitigates,AML.T0058,Publish Poisoned Models,attack-pattern--97fe9577-c7ed-466d-817d-697f815db7b0,technique,An AI BOM can help users identify untrustworthy model artifacts.,relationship--3c8a99a5-b227-490d-aefe-c688fd42688b,14 March 2025,14 March 2025
AML.M0023,AI Bill of Materials,course-of-action--62d0ba49-7343-48de-a756-ac5fdaf98c8f,mitigation,mitigates,AML.T0011.000,Unsafe ML Artifacts,attack-pattern--df46bcf0-0231-413c-9661-7f7d0e39b63e,technique,An AI BOM can help users identify untrustworthy model artifacts.,relationship--46704524-e837-4d3a-a8b1-b1f00293e2d1,14 March 2025,14 March 2025
AML.M0024,AI Telemetry Logging,course-of-action--e89d6eec-150c-4308-bd3e-fc51e5efdfa6,mitigation,mitigates,AML.T0040,AI Model Inference API Access,attack-pattern--da8fff4a-bfff-4fe2-9d45-1c01fd9d3b73,technique,Telemetry logging can help audit API usage of the model.,relationship--34dcff49-0eb8-4125-b1a7-ee83bd4ae706,14 March 2025,14 March 2025
AML.M0024,AI Telemetry Logging,course-of-action--e89d6eec-150c-4308-bd3e-fc51e5efdfa6,mitigation,mitigates,AML.T0051.000,Direct,attack-pattern--dcce6e07-56ea-416a-a15b-7693f0f0d631,technique,Telemetry logging can help identify if unsafe prompts have been submitted to the LLM.,relationship--ad092bd4-1b38-45b7-a085-ef19987add45,14 March 2025,14 March 2025
AML.M0024,AI Telemetry Logging,course-of-action--e89d6eec-150c-4308-bd3e-fc51e5efdfa6,mitigation,mitigates,AML.T0024,Exfiltration via ML Inference API,attack-pattern--3f333baa-31b3-4196-966c-5298a8b106c5,technique,Telemetry logging can help identify if sensitive data has been exfiltrated.,relationship--79ee56d3-8cc3-42d4-adee-f4729aeef8d8,14 March 2025,14 March 2025
AML.M0024,AI Telemetry Logging,course-of-action--e89d6eec-150c-4308-bd3e-fc51e5efdfa6,mitigation,mitigates,AML.T0024.002,Extract ML Model,attack-pattern--9ab0c79a-4dcf-4270-a272-af080402402d,technique,Telemetry logging can help identify if sensitive data has been exfiltrated.,relationship--07a90eee-f5ba-4f53-90ca-abcc27779b68,14 March 2025,14 March 2025
AML.M0024,AI Telemetry Logging,course-of-action--e89d6eec-150c-4308-bd3e-fc51e5efdfa6,mitigation,mitigates,AML.T0051.001,Indirect,attack-pattern--3897f551-0533-4714-b8de-47e3879e42ae,technique,Telemetry logging can help identify if unsafe prompts have been submitted to the LLM.,relationship--2ca4045b-c0b9-4c7e-b6c6-acf651c25665,14 March 2025,14 March 2025
AML.M0024,AI Telemetry Logging,course-of-action--e89d6eec-150c-4308-bd3e-fc51e5efdfa6,mitigation,mitigates,AML.T0024.000,Infer Training Data Membership,attack-pattern--02c2f3c6-678a-40f7-997b-a3faa54a5760,technique,Telemetry logging can help identify if sensitive data has been exfiltrated.,relationship--0e64f681-3d86-4788-abe3-62d4e663e053,14 March 2025,14 March 2025
AML.M0024,AI Telemetry Logging,course-of-action--e89d6eec-150c-4308-bd3e-fc51e5efdfa6,mitigation,mitigates,AML.T0024.001,Invert ML Model,attack-pattern--93c93189-92f6-4485-8ddf-6c5e501f416f,technique,Telemetry logging can help identify if sensitive data has been exfiltrated.,relationship--17f10300-6776-4310-9ca8-0013a7c85d0e,14 March 2025,14 March 2025
AML.M0024,AI Telemetry Logging,course-of-action--e89d6eec-150c-4308-bd3e-fc51e5efdfa6,mitigation,mitigates,AML.T0051,LLM Prompt Injection,attack-pattern--f9eddd08-a29a-4598-80a4-171d456be7c7,technique,Telemetry logging can help identify if unsafe prompts have been submitted to the LLM.,relationship--cea7502f-c78e-427a-bbce-b72ebf243c6a,14 March 2025,14 March 2025
AML.M0024,AI Telemetry Logging,course-of-action--e89d6eec-150c-4308-bd3e-fc51e5efdfa6,mitigation,mitigates,AML.T0047,ML-Enabled Product or Service,attack-pattern--e4653a0a-5832-4c26-ab98-e31a31936085,technique,Telemetry logging can help identify if sensitive model information has been sent to an attacker.,relationship--5df7971f-5414-41ac-86df-b307ac2c0a41,14 March 2025,14 March 2025
AML.M0024,AI Telemetry Logging,course-of-action--e89d6eec-150c-4308-bd3e-fc51e5efdfa6,mitigation,mitigates,AML.T0005.001,Train Proxy via Replication,attack-pattern--f9408f13-6211-4259-85e1-794dc96a6100,technique,Telemetry logging can help identify if a proxy training dataset has been exfiltrated.,relationship--35f9b678-56ec-437e-b39d-30ff82740645,14 March 2025,14 March 2025
AML.M0015,Adversarial Input Detection,course-of-action--caf6e938-cf87-4a2c-a752-206b930f3c01,mitigation,mitigates,AML.T0043.001,Black-Box Optimization,attack-pattern--fb1d969f-a88b-4404-a1a5-36fc7eab7c41,technique,"Monitor queries and query patterns to the target model, block access if suspicious queries are detected.
",relationship--b4c63ae8-2117-4e48-88ab-98ca853c759b,14 March 2025,14 March 2025
AML.M0015,Adversarial Input Detection,course-of-action--caf6e938-cf87-4a2c-a752-206b930f3c01,mitigation,mitigates,AML.T0029,Denial of ML Service,attack-pattern--861e7c2c-3f39-4131-b657-d9d9149189d0,technique,"Assess queries before inference call or enforce timeout policy for queries which consume excessive resources.
",relationship--fb2c272d-01f9-4e06-ab1b-e1939c56bb26,14 March 2025,14 March 2025
AML.M0015,Adversarial Input Detection,course-of-action--caf6e938-cf87-4a2c-a752-206b930f3c01,mitigation,mitigates,AML.T0031,Erode ML Model Integrity,attack-pattern--4b0d8468-e00f-4ba2-9e18-1a2f527f08b2,technique,"Incorporate adversarial input detection into the pipeline before inputs reach the model.
",relationship--c361f85a-ab7f-4a99-9214-3c5b79f1f313,14 March 2025,14 March 2025
AML.M0015,Adversarial Input Detection,course-of-action--caf6e938-cf87-4a2c-a752-206b930f3c01,mitigation,mitigates,AML.T0015,Evade ML Model,attack-pattern--ccf27b22-48bf-4219-a668-fa60eb0d94a4,technique,"Prevent an attacker from introducing adversarial data into the system.
",relationship--575ce8b4-f991-4323-ab40-eb42c9b1781a,14 March 2025,14 March 2025
AML.M0013,Code Signing,course-of-action--1a62c89b-d515-4e98-bbcd-c5e6ef78fe42,mitigation,mitigates,AML.T0010.001,ML Software,attack-pattern--f9590f8d-cb5f-47ba-a25d-76a237dd8904,technique,"Enforce properly signed drivers and ML software frameworks.
",relationship--66af969d-9ec4-4d2b-b812-019e77876c65,14 March 2025,14 March 2025
AML.M0013,Code Signing,course-of-action--1a62c89b-d515-4e98-bbcd-c5e6ef78fe42,mitigation,mitigates,AML.T0010.003,Model,attack-pattern--d3301bd5-0f28-4604-a167-15aa4f17160d,technique,"Enforce properly signed model files.
",relationship--fc2fe650-8f45-4759-a853-cc6d05361d03,14 March 2025,14 March 2025
AML.M0013,Code Signing,course-of-action--1a62c89b-d515-4e98-bbcd-c5e6ef78fe42,mitigation,mitigates,AML.T0011.000,Unsafe ML Artifacts,attack-pattern--df46bcf0-0231-413c-9661-7f7d0e39b63e,technique,"Prevent execution of ML artifacts that are not properly signed.
",relationship--9e5ff7b8-1001-495a-977f-3969e1711033,14 March 2025,14 March 2025
AML.M0005,Control Access to ML Models and Data at Rest,course-of-action--0fc686a3-466f-45bf-a95e-65304bc43666,mitigation,mitigates,AML.T0010.002,Data,attack-pattern--4c34c31f-5157-48ad-acb8-4344cadd93cf,technique,"Access controls can prevent tampering with ML artifacts and prevent unauthorized copying.
",relationship--e06c1dc3-bb0d-468f-b1b3-c5217ff38a16,14 March 2025,14 March 2025
AML.M0005,Control Access to ML Models and Data at Rest,course-of-action--0fc686a3-466f-45bf-a95e-65304bc43666,mitigation,mitigates,AML.T0025,Exfiltration via Cyber Means,attack-pattern--55a17dc0-be82-40b8-80e7-f97e1e867b58,technique,"Access controls can prevent exfiltration.
",relationship--3a37fc01-6cd1-4b75-95d0-f2ef6e1f7634,14 March 2025,14 March 2025
AML.M0005,Control Access to ML Models and Data at Rest,course-of-action--0fc686a3-466f-45bf-a95e-65304bc43666,mitigation,mitigates,AML.T0018.001,Inject Payload,attack-pattern--294fe4dc-ac27-4b40-ae40-8148b9876f25,technique,"Access controls can prevent tampering with ML artifacts and prevent unauthorized copying.
",relationship--70e1ce0a-1cc7-4d02-9d78-12b748317814,14 March 2025,14 March 2025
AML.M0005,Control Access to ML Models and Data at Rest,course-of-action--0fc686a3-466f-45bf-a95e-65304bc43666,mitigation,mitigates,AML.T0048.004,ML Intellectual Property Theft,attack-pattern--7360aac5-ab15-4d95-ab5e-bef1af305788,technique,"Access controls can prevent theft of intellectual property.
",relationship--e92f61ff-5c7a-402f-968a-1f1f83552b3d,14 March 2025,14 March 2025
AML.M0005,Control Access to ML Models and Data at Rest,course-of-action--0fc686a3-466f-45bf-a95e-65304bc43666,mitigation,mitigates,AML.T0010.003,Model,attack-pattern--d3301bd5-0f28-4604-a167-15aa4f17160d,technique,"Access controls can prevent tampering with ML artifacts and prevent unauthorized copying.
",relationship--ebafa6bf-99c4-4d76-96d5-3ced4c465aff,14 March 2025,14 March 2025
AML.M0005,Control Access to ML Models and Data at Rest,course-of-action--0fc686a3-466f-45bf-a95e-65304bc43666,mitigation,mitigates,AML.T0018.000,Poison ML Model,attack-pattern--c44decce-8b70-4f42-a5e0-db0bb105d0b4,technique,"Access controls can prevent tampering with ML artifacts and prevent unauthorized copying.
",relationship--b3e2e2c9-dd58-486f-9e07-15613a68fa5b,14 March 2025,14 March 2025
AML.M0005,Control Access to ML Models and Data at Rest,course-of-action--0fc686a3-466f-45bf-a95e-65304bc43666,mitigation,mitigates,AML.T0020,Poison Training Data,attack-pattern--d63c873b-7e01-437d-98ef-d681099c3377,technique,"Access controls can prevent tampering with ML artifacts and prevent unauthorized copying.
",relationship--47a0d703-3a56-48e2-9a17-17cb5feeb101,14 March 2025,14 March 2025
AML.M0019,Control Access to ML Models and Data in Production,course-of-action--5ec3bfe0-f7be-4286-bce1-ae762a23e79f,mitigation,mitigates,AML.T0040,AI Model Inference API Access,attack-pattern--da8fff4a-bfff-4fe2-9d45-1c01fd9d3b73,technique,"Adversaries can use unrestricted API access to gain information about a production system, stage attacks, and introduce malicious data to the system.
",relationship--d5586f84-0a24-4255-ab11-2b3c2d030ad3,14 March 2025,14 March 2025
AML.M0019,Control Access to ML Models and Data in Production,course-of-action--5ec3bfe0-f7be-4286-bce1-ae762a23e79f,mitigation,mitigates,AML.T0024,Exfiltration via ML Inference API,attack-pattern--3f333baa-31b3-4196-966c-5298a8b106c5,technique,"Adversaries can use unrestricted API access to build a proxy training dataset and reveal private information.
",relationship--6c87ff72-1bec-4568-a6d6-dc136184b94f,14 March 2025,14 March 2025
AML.M0012,Encrypt Sensitive Information,course-of-action--e0beab85-34fd-4915-a477-ed5efeaf9e0d,mitigation,mitigates,AML.T0007,Discover ML Artifacts,attack-pattern--8a47d00f-77c8-4144-8452-facca3096fa3,technique,"Protect machine learning artifacts from adversaries who gather private information to target and improve attacks.
",relationship--51b3907b-2159-467c-b5f2-1f33613328b0,14 March 2025,14 March 2025
AML.M0012,Encrypt Sensitive Information,course-of-action--e0beab85-34fd-4915-a477-ed5efeaf9e0d,mitigation,mitigates,AML.T0035,ML Artifact Collection,attack-pattern--6a67aef8-329e-4669-84bd-c1aa0a67ac68,technique,"Protect machine learning artifacts with encryption.
",relationship--a988ea28-0460-462b-a35d-bdc0dc94b54e,14 March 2025,14 March 2025
AML.M0012,Encrypt Sensitive Information,course-of-action--e0beab85-34fd-4915-a477-ed5efeaf9e0d,mitigation,mitigates,AML.T0048.004,ML Intellectual Property Theft,attack-pattern--7360aac5-ab15-4d95-ab5e-bef1af305788,technique,"Protect machine learning artifacts with encryption.
",relationship--7d49eb4c-b77e-4f47-bc7a-59af0e31864b,14 March 2025,14 March 2025
AML.M0020,Generative AI Guardrails,course-of-action--e2be373b-c7b9-449f-8c50-1e516d162969,mitigation,mitigates,AML.T0056,Extract LLM System Prompt,attack-pattern--b68a2222-7aba-4a03-9f64-20e89faf4ec6,technique,Guardrails can prevent harmful inputs that can lead to meta prompt extraction.,relationship--7203616f-fa15-4396-9168-e74884efe6c3,14 March 2025,14 March 2025
AML.M0020,Generative AI Guardrails,course-of-action--e2be373b-c7b9-449f-8c50-1e516d162969,mitigation,mitigates,AML.T0057,LLM Data Leakage,attack-pattern--ab05c807-8854-40d8-a20e-28edae445c80,technique,Guardrails can detect sensitive data and PII in model outputs.,relationship--ebdcf5e1-640a-49b2-8d9c-ff481ae0c762,14 March 2025,14 March 2025
AML.M0020,Generative AI Guardrails,course-of-action--e2be373b-c7b9-449f-8c50-1e516d162969,mitigation,mitigates,AML.T0054,LLM Jailbreak,attack-pattern--8bc3f855-f8ba-46c1-85a7-a036679ed8b6,technique,Guardrails can prevent harmful inputs that can lead to a jailbreak.,relationship--cb64404a-a94e-45aa-9844-41516e176ccf,14 March 2025,14 March 2025
AML.M0020,Generative AI Guardrails,course-of-action--e2be373b-c7b9-449f-8c50-1e516d162969,mitigation,mitigates,AML.T0053,LLM Plugin Compromise,attack-pattern--151bebab-0e27-442b-838e-bb0d9a36c32f,technique,"Guardrails can prevent harmful inputs that can lead to plugin compromise, and they can detect PII in model outputs.",relationship--dea3168d-6d6d-40fe-a0d6-fb1a8dff457d,14 March 2025,14 March 2025
AML.M0020,Generative AI Guardrails,course-of-action--e2be373b-c7b9-449f-8c50-1e516d162969,mitigation,mitigates,AML.T0051,LLM Prompt Injection,attack-pattern--f9eddd08-a29a-4598-80a4-171d456be7c7,technique,Guardrails can prevent harmful inputs that can lead to prompt injection.,relationship--346ace8e-2073-4f46-a9aa-6ccfe4597a00,14 March 2025,14 March 2025
AML.M0020,Generative AI Guardrails,course-of-action--e2be373b-c7b9-449f-8c50-1e516d162969,mitigation,mitigates,AML.T0010,ML Supply Chain Compromise,attack-pattern--a4783291-4917-4ea8-8f34-b9b6180ae332,technique,Guardrails can detect harmful code in model outputs.,relationship--f7d536f9-7ef8-42eb-8530-6a6abd04ea84,14 March 2025,14 March 2025
AML.M0021,Generative AI Guidelines,course-of-action--b385f3b5-725c-45a8-b7e6-f56b35f75a4a,mitigation,mitigates,AML.T0056,Extract LLM System Prompt,attack-pattern--b68a2222-7aba-4a03-9f64-20e89faf4ec6,technique,Model guidelines can instruct the model to refuse a response to unsafe inputs.,relationship--262e0945-d6a9-40eb-8e1a-d403fbd09321,14 March 2025,14 March 2025
AML.M0021,Generative AI Guidelines,course-of-action--b385f3b5-725c-45a8-b7e6-f56b35f75a4a,mitigation,mitigates,AML.T0057,LLM Data Leakage,attack-pattern--ab05c807-8854-40d8-a20e-28edae445c80,technique,Model guidelines can instruct the model to refuse a response to unsafe inputs.,relationship--6a7df184-1bb3-4bac-b0f1-5d56f90c2c03,14 March 2025,14 March 2025
AML.M0021,Generative AI Guidelines,course-of-action--b385f3b5-725c-45a8-b7e6-f56b35f75a4a,mitigation,mitigates,AML.T0054,LLM Jailbreak,attack-pattern--8bc3f855-f8ba-46c1-85a7-a036679ed8b6,technique,Model guidelines can instruct the model to refuse a response to unsafe inputs.,relationship--db369d9d-312f-4908-baa0-20da4eda3d1e,14 March 2025,14 March 2025
AML.M0021,Generative AI Guidelines,course-of-action--b385f3b5-725c-45a8-b7e6-f56b35f75a4a,mitigation,mitigates,AML.T0053,LLM Plugin Compromise,attack-pattern--151bebab-0e27-442b-838e-bb0d9a36c32f,technique,Model guidelines can instruct the model to refuse a response to unsafe inputs.,relationship--6ea55808-3458-40f9-bf1f-7a52585c4a0d,14 March 2025,14 March 2025
AML.M0021,Generative AI Guidelines,course-of-action--b385f3b5-725c-45a8-b7e6-f56b35f75a4a,mitigation,mitigates,AML.T0051,LLM Prompt Injection,attack-pattern--f9eddd08-a29a-4598-80a4-171d456be7c7,technique,Model guidelines can instruct the model to refuse a response to unsafe inputs.,relationship--ac79ea96-4b12-4be8-ac5a-14ed59cf7848,14 March 2025,14 March 2025
AML.M0022,Generative AI Model Alignment,course-of-action--10c68f9d-a736-4d85-93bc-b0e36084cc9f,mitigation,mitigates,AML.T0056,Extract LLM System Prompt,attack-pattern--b68a2222-7aba-4a03-9f64-20e89faf4ec6,technique,Model alignment can improve the parametric safety of a model by guiding it away from unsafe prompts and responses.,relationship--c457e00f-e482-4ced-8493-d96bfd1f03f7,14 March 2025,14 March 2025
AML.M0022,Generative AI Model Alignment,course-of-action--10c68f9d-a736-4d85-93bc-b0e36084cc9f,mitigation,mitigates,AML.T0057,LLM Data Leakage,attack-pattern--ab05c807-8854-40d8-a20e-28edae445c80,technique,Model alignment can improve the parametric safety of a model by guiding it away from unsafe prompts and responses.,relationship--c90d7475-4418-4ff7-848c-e26a2fc0a7ee,14 March 2025,14 March 2025
AML.M0022,Generative AI Model Alignment,course-of-action--10c68f9d-a736-4d85-93bc-b0e36084cc9f,mitigation,mitigates,AML.T0054,LLM Jailbreak,attack-pattern--8bc3f855-f8ba-46c1-85a7-a036679ed8b6,technique,Model alignment can improve the parametric safety of a model by guiding it away from unsafe prompts and responses.,relationship--903bc191-94c6-41b9-b83c-e78ce546b8fb,14 March 2025,14 March 2025
AML.M0022,Generative AI Model Alignment,course-of-action--10c68f9d-a736-4d85-93bc-b0e36084cc9f,mitigation,mitigates,AML.T0053,LLM Plugin Compromise,attack-pattern--151bebab-0e27-442b-838e-bb0d9a36c32f,technique,Model alignment can improve the parametric safety of a model by guiding it away from unsafe prompts and responses.,relationship--10717fe4-7c9d-4b36-a47a-d0e2c7851891,14 March 2025,14 March 2025
AML.M0022,Generative AI Model Alignment,course-of-action--10c68f9d-a736-4d85-93bc-b0e36084cc9f,mitigation,mitigates,AML.T0051,LLM Prompt Injection,attack-pattern--f9eddd08-a29a-4598-80a4-171d456be7c7,technique,Model alignment can improve the parametric safety of a model by guiding it away from unsafe prompts and responses.,relationship--222b5c47-808d-4518-9326-2194c19ea4af,14 March 2025,14 March 2025
AML.M0010,Input Restoration,course-of-action--504b48c4-05c1-4b29-912a-2ba8db9631a9,mitigation,mitigates,AML.T0043.001,Black-Box Optimization,attack-pattern--fb1d969f-a88b-4404-a1a5-36fc7eab7c41,technique,"Input restoration adds an extra layer of unknowns and randomness when an adversary evaluates the input-output relationship.
",relationship--e61a6368-b1e1-4ba2-9dba-478ca91d4086,14 March 2025,14 March 2025
AML.M0010,Input Restoration,course-of-action--504b48c4-05c1-4b29-912a-2ba8db9631a9,mitigation,mitigates,AML.T0031,Erode ML Model Integrity,attack-pattern--4b0d8468-e00f-4ba2-9e18-1a2f527f08b2,technique,"Preprocessing model inputs can prevent malicious data from going through the machine learning pipeline.
",relationship--a599b8fe-65d8-4a22-9a9c-bf898bd89d3f,14 March 2025,14 March 2025
AML.M0010,Input Restoration,course-of-action--504b48c4-05c1-4b29-912a-2ba8db9631a9,mitigation,mitigates,AML.T0015,Evade ML Model,attack-pattern--ccf27b22-48bf-4219-a668-fa60eb0d94a4,technique,"Preprocessing model inputs can prevent malicious data from going through the machine learning pipeline.
",relationship--abcf855e-7bd6-4abf-9f2a-367b2a8ba763,14 March 2025,14 March 2025
AML.M0001,Limit Model Artifact Release,course-of-action--6a041684-03a2-4874-9577-67749bf98de0,mitigation,mitigates,AML.T0002.000,Datasets,attack-pattern--f85d3313-5de8-4d27-9d23-bf3fa79946e5,technique,"Limiting the release of datasets can reduce an adversary's ability to target production models trained on the same or similar data.
",relationship--85df9bc5-4603-4eb0-88cb-b48b5b249a84,14 March 2025,14 March 2025
AML.M0001,Limit Model Artifact Release,course-of-action--6a041684-03a2-4874-9577-67749bf98de0,mitigation,mitigates,AML.T0002.001,Models,attack-pattern--784cbb90-b5f0-47d1-af8c-d299c5b3c551,technique,"Limiting the release of model architectures and checkpoints can reduce an adversary's ability to target those models.
",relationship--47423e5e-770b-449e-8def-0f7cac9f20c9,14 March 2025,14 March 2025
AML.M0001,Limit Model Artifact Release,course-of-action--6a041684-03a2-4874-9577-67749bf98de0,mitigation,mitigates,AML.T0020,Poison Training Data,attack-pattern--d63c873b-7e01-437d-98ef-d681099c3377,technique,"Published datasets can be a target for poisoning attacks.
",relationship--3ece35bf-b45a-4026-a1e4-2789398cd270,14 March 2025,14 March 2025
AML.M0000,Limit Public Release of Information,course-of-action--0e73d209-afa9-4540-a8c4-244bc9f604ea,mitigation,mitigates,AML.T0002,Acquire Public ML Artifacts,attack-pattern--c652f980-4fff-47ae-8119-d6a927255ebc,technique,"Limit the release of sensitive information in the metadata of deployed systems and publicly available applications.
",relationship--47b5c96f-7049-4847-b0f6-15d6a40f4bf2,14 March 2025,14 March 2025
AML.M0000,Limit Public Release of Information,course-of-action--0e73d209-afa9-4540-a8c4-244bc9f604ea,mitigation,mitigates,AML.T0004,Search Application Repositories,attack-pattern--6f3e625e-3157-4b30-bb7f-f8f25b21c8dc,technique,"Limit the release of sensitive information in the metadata of deployed systems and publicly available applications.
",relationship--b0068642-3cd4-4754-8c3c-a5dfe6c4b31d,14 March 2025,14 March 2025
AML.M0000,Limit Public Release of Information,course-of-action--0e73d209-afa9-4540-a8c4-244bc9f604ea,mitigation,mitigates,AML.T0003,Search Victim-Owned Websites,attack-pattern--d886ab0c-9c92-40f6-aad8-930476504be8,technique,"Restrict release of technical information on ML-enabled products and organizational information on the teams supporting ML-enabled products.
",relationship--5d8bbbaa-3d9c-4ae1-b17e-e53cc80fada0,14 March 2025,14 March 2025
AML.M0000,Limit Public Release of Information,course-of-action--0e73d209-afa9-4540-a8c4-244bc9f604ea,mitigation,mitigates,AML.T0000,Search for Victim's Publicly Available Research Materials,attack-pattern--0e9e22e3-9b1e-4a9d-8ff6-da7ba7b9018f,technique,"Limit the connection between publicly disclosed approaches and the data, models, and algorithms used in production.
",relationship--6757034e-fcae-411c-aa16-fba965c097ed,14 March 2025,14 March 2025
AML.M0025,Maintain AI Dataset Provenance,course-of-action--ed176010-c43b-4055-b421-2a6f92b95504,mitigation,mitigates,AML.T0010.002,Data,attack-pattern--4c34c31f-5157-48ad-acb8-4344cadd93cf,technique,Dataset provenance can protect against supply chain compromise of data.,relationship--7cf4f2b4-d7e6-4635-b460-c1eb6c0ff519,14 March 2025,14 March 2025
AML.M0025,Maintain AI Dataset Provenance,course-of-action--ed176010-c43b-4055-b421-2a6f92b95504,mitigation,mitigates,AML.T0018.000,Poison ML Model,attack-pattern--c44decce-8b70-4f42-a5e0-db0bb105d0b4,technique,Dataset provenance can protect against poisoning of models.,relationship--0ab4eefb-7ff8-4ad0-8acf-4048f0a74bd5,14 March 2025,14 March 2025
AML.M0025,Maintain AI Dataset Provenance,course-of-action--ed176010-c43b-4055-b421-2a6f92b95504,mitigation,mitigates,AML.T0020,Poison Training Data,attack-pattern--d63c873b-7e01-437d-98ef-d681099c3377,technique,Dataset provenance can protect against poisoning of training data,relationship--8dd9d95c-120f-474d-8b21-f764dba2e9d5,14 March 2025,14 March 2025
AML.M0017,Model Distribution Methods,course-of-action--dd73141b-4e51-4f90-8120-45b4d113f420,mitigation,mitigates,AML.T0044,Full ML Model Access,attack-pattern--07ebffc5-e98e-4330-bf94-7f0c56b16345,technique,"Not distributing the model in software to edge devices, can limit an adversary's ability to gain full access to the model.
",relationship--e92352f1-d0dc-4fa7-b8d7-8fea852cb748,14 March 2025,14 March 2025
AML.M0017,Model Distribution Methods,course-of-action--dd73141b-4e51-4f90-8120-45b4d113f420,mitigation,mitigates,AML.T0010.003,Model,attack-pattern--d3301bd5-0f28-4604-a167-15aa4f17160d,technique,"An adversary could repackage the application with a malicious version of the model.
",relationship--9e010855-b7e8-4e48-ae2f-280dcfe3117f,14 March 2025,14 March 2025
AML.M0017,Model Distribution Methods,course-of-action--dd73141b-4e51-4f90-8120-45b4d113f420,mitigation,mitigates,AML.T0043.000,White-Box Optimization,attack-pattern--4a040cc9-d53d-4fa3-948d-a1ff8f02e0eb,technique,"With full access to the model, an adversary could perform white-box attacks.
",relationship--b7711511-12c3-4913-b5b4-2b459cc3fe10,14 March 2025,14 March 2025
AML.M0003,Model Hardening,course-of-action--fbc6f93a-a8fd-4097-80e4-9b9da41cef4b,mitigation,mitigates,AML.T0031,Erode ML Model Integrity,attack-pattern--4b0d8468-e00f-4ba2-9e18-1a2f527f08b2,technique,"Hardened models are less susceptible to integrity attacks.
",relationship--4220af7d-26f9-452c-809d-f26cee4b7399,14 March 2025,14 March 2025
AML.M0003,Model Hardening,course-of-action--fbc6f93a-a8fd-4097-80e4-9b9da41cef4b,mitigation,mitigates,AML.T0015,Evade ML Model,attack-pattern--ccf27b22-48bf-4219-a668-fa60eb0d94a4,technique,"Hardened models are more difficult to evade.
",relationship--1c6ecbe2-303a-44f0-96e1-2dcce99851fb,14 March 2025,14 March 2025
AML.M0002,Passive ML Output Obfuscation,course-of-action--e54bb18b-c1a7-4700-baac-3de8a51c1097,mitigation,mitigates,AML.T0043.001,Black-Box Optimization,attack-pattern--fb1d969f-a88b-4404-a1a5-36fc7eab7c41,technique,"Suggested approaches:
  - Restrict the number of results shown
  - Limit specificity of output class ontology
  - Use randomized smoothing techniques
  - Reduce the precision of numerical outputs
",relationship--5439ad81-4902-41c5-835b-2b504ec8c513,14 March 2025,14 March 2025
AML.M0002,Passive ML Output Obfuscation,course-of-action--e54bb18b-c1a7-4700-baac-3de8a51c1097,mitigation,mitigates,AML.T0014,Discover ML Model Family,attack-pattern--9115a9b6-855a-4acf-802c-aad9eeedc310,technique,"Suggested approaches:
  - Restrict the number of results shown
  - Limit specificity of output class ontology
  - Use randomized smoothing techniques
  - Reduce the precision of numerical outputs
",relationship--547ccfef-4673-41d5-9c7d-4b59af557c9b,14 March 2025,14 March 2025
AML.M0002,Passive ML Output Obfuscation,course-of-action--e54bb18b-c1a7-4700-baac-3de8a51c1097,mitigation,mitigates,AML.T0013,Discover ML Model Ontology,attack-pattern--b99c824b-c87f-4e39-ba72-7b8b299f0039,technique,"Suggested approaches:
  - Restrict the number of results shown
  - Limit specificity of output class ontology
  - Use randomized smoothing techniques
  - Reduce the precision of numerical outputs
",relationship--e26ae04d-9ab5-4164-be39-72ede30c6752,14 March 2025,14 March 2025
AML.M0002,Passive ML Output Obfuscation,course-of-action--e54bb18b-c1a7-4700-baac-3de8a51c1097,mitigation,mitigates,AML.T0024.002,Extract ML Model,attack-pattern--9ab0c79a-4dcf-4270-a272-af080402402d,technique,"Suggested approaches:
  - Restrict the number of results shown
  - Limit specificity of output class ontology
  - Use randomized smoothing techniques
  - Reduce the precision of numerical outputs
",relationship--333b4e2e-d3df-46af-82d6-7aedd83b403c,14 March 2025,14 March 2025
AML.M0002,Passive ML Output Obfuscation,course-of-action--e54bb18b-c1a7-4700-baac-3de8a51c1097,mitigation,mitigates,AML.T0024.000,Infer Training Data Membership,attack-pattern--02c2f3c6-678a-40f7-997b-a3faa54a5760,technique,"Suggested approaches:
  - Restrict the number of results shown
  - Limit specificity of output class ontology
  - Use randomized smoothing techniques
  - Reduce the precision of numerical outputs
",relationship--a1ade9f1-975a-4bde-ba0b-73165f36b083,14 March 2025,14 March 2025
AML.M0002,Passive ML Output Obfuscation,course-of-action--e54bb18b-c1a7-4700-baac-3de8a51c1097,mitigation,mitigates,AML.T0024.001,Invert ML Model,attack-pattern--93c93189-92f6-4485-8ddf-6c5e501f416f,technique,"Suggested approaches:
  - Restrict the number of results shown
  - Limit specificity of output class ontology
  - Use randomized smoothing techniques
  - Reduce the precision of numerical outputs
",relationship--7a5c400d-a093-4f86-9a9b-3cae9be3ad06,14 March 2025,14 March 2025
AML.M0011,Restrict Library Loading,course-of-action--954d9fe9-e75a-4a72-9db1-091ad28d23f8,mitigation,mitigates,AML.T0011.000,Unsafe ML Artifacts,attack-pattern--df46bcf0-0231-413c-9661-7f7d0e39b63e,technique,"Restrict library loading by ML artifacts.
",relationship--3de926bc-b737-44de-a590-841b96e988a0,14 March 2025,14 March 2025
AML.M0004,Restrict Number of ML Model Queries,course-of-action--ead3a51b-6ed6-420a-9953-fe2f6b8816dd,mitigation,mitigates,AML.T0043.001,Black-Box Optimization,attack-pattern--fb1d969f-a88b-4404-a1a5-36fc7eab7c41,technique,"Limit the number of queries users can perform in a given interval to shrink the attack surface for black-box attacks.
",relationship--880d2cb0-2813-43dd-834c-068cf8506fa0,14 March 2025,14 March 2025
AML.M0004,Restrict Number of ML Model Queries,course-of-action--ead3a51b-6ed6-420a-9953-fe2f6b8816dd,mitigation,mitigates,AML.T0034,Cost Harvesting,attack-pattern--71236163-a6a2-48d2-aee5-df2c480df0d7,technique,"Limit the number of queries users can perform in a given interval to hinder an attacker's ability to send computationally expensive inputs
",relationship--4e517c8b-6071-4eaf-b5da-ca36e9aebc80,14 March 2025,14 March 2025
AML.M0004,Restrict Number of ML Model Queries,course-of-action--ead3a51b-6ed6-420a-9953-fe2f6b8816dd,mitigation,mitigates,AML.T0029,Denial of ML Service,attack-pattern--861e7c2c-3f39-4131-b657-d9d9149189d0,technique,"Limit the number of queries users can perform in a given interval to prevent a denial of service.
",relationship--2617515a-7029-47a0-8d34-e22a0523fe1e,14 March 2025,14 March 2025
AML.M0004,Restrict Number of ML Model Queries,course-of-action--ead3a51b-6ed6-420a-9953-fe2f6b8816dd,mitigation,mitigates,AML.T0014,Discover ML Model Family,attack-pattern--9115a9b6-855a-4acf-802c-aad9eeedc310,technique,"Limit the amount of information an attacker can learn about a model's ontology through API queries.
",relationship--56109525-bff1-4463-9c7e-e3e8b2acafbb,14 March 2025,14 March 2025
AML.M0004,Restrict Number of ML Model Queries,course-of-action--ead3a51b-6ed6-420a-9953-fe2f6b8816dd,mitigation,mitigates,AML.T0013,Discover ML Model Ontology,attack-pattern--b99c824b-c87f-4e39-ba72-7b8b299f0039,technique,"Limit the amount of information an attacker can learn about a model's ontology through API queries.
",relationship--1bb9ea10-4af8-441d-8c85-4569f170e7f6,14 March 2025,14 March 2025
AML.M0004,Restrict Number of ML Model Queries,course-of-action--ead3a51b-6ed6-420a-9953-fe2f6b8816dd,mitigation,mitigates,AML.T0024,Exfiltration via ML Inference API,attack-pattern--3f333baa-31b3-4196-966c-5298a8b106c5,technique,"Limit the volume of API queries in a given period of time to regulate the amount and fidelity of potentially sensitive information an attacker can learn.
",relationship--81bc0f2e-66e5-4106-bcfb-cebdeca65586,14 March 2025,14 March 2025
AML.M0004,Restrict Number of ML Model Queries,course-of-action--ead3a51b-6ed6-420a-9953-fe2f6b8816dd,mitigation,mitigates,AML.T0024.002,Extract ML Model,attack-pattern--9ab0c79a-4dcf-4270-a272-af080402402d,technique,"Limit the volume of API queries in a given period of time to regulate the amount and fidelity of potentially sensitive information an attacker can learn.
",relationship--4498f139-0b3b-4467-b6e3-08583d9c3100,14 March 2025,14 March 2025
AML.M0004,Restrict Number of ML Model Queries,course-of-action--ead3a51b-6ed6-420a-9953-fe2f6b8816dd,mitigation,mitigates,AML.T0024.000,Infer Training Data Membership,attack-pattern--02c2f3c6-678a-40f7-997b-a3faa54a5760,technique,"Limit the volume of API queries in a given period of time to regulate the amount and fidelity of potentially sensitive information an attacker can learn.
",relationship--272fc2d9-01cf-44ea-ae3b-1ff3ed99d5a3,14 March 2025,14 March 2025
AML.M0004,Restrict Number of ML Model Queries,course-of-action--ead3a51b-6ed6-420a-9953-fe2f6b8816dd,mitigation,mitigates,AML.T0024.001,Invert ML Model,attack-pattern--93c93189-92f6-4485-8ddf-6c5e501f416f,technique,"Limit the volume of API queries in a given period of time to regulate the amount and fidelity of potentially sensitive information an attacker can learn.
",relationship--8ce7f695-04ce-4299-867e-927a4f551669,14 March 2025,14 March 2025
AML.M0004,Restrict Number of ML Model Queries,course-of-action--ead3a51b-6ed6-420a-9953-fe2f6b8816dd,mitigation,mitigates,AML.T0046,Spamming ML System with Chaff Data,attack-pattern--5d68a5e9-942d-4213-9c6c-ac27d9fb786c,technique,"Limit the number of queries users can perform in a given interval to protect the system from chaff data spam.
",relationship--5157511f-5f55-424c-8e44-c40d9825c675,14 March 2025,14 March 2025
AML.M0007,Sanitize Training Data,course-of-action--5fd900ac-6e6a-4ee7-9a11-ef58129cea5c,mitigation,mitigates,AML.T0010.002,Data,attack-pattern--4c34c31f-5157-48ad-acb8-4344cadd93cf,technique,"Detect and remove or remediate poisoned data to avoid adversarial model drift or backdoor attacks.
",relationship--236683fa-21bc-415f-94c2-a6db41a0d668,14 March 2025,14 March 2025
AML.M0007,Sanitize Training Data,course-of-action--5fd900ac-6e6a-4ee7-9a11-ef58129cea5c,mitigation,mitigates,AML.T0018.000,Poison ML Model,attack-pattern--c44decce-8b70-4f42-a5e0-db0bb105d0b4,technique,"Prevent attackers from leveraging poisoned datasets to launch backdoor attacks against a model.
",relationship--e0006a55-916d-449b-97f7-4227c959b2b6,14 March 2025,14 March 2025
AML.M0007,Sanitize Training Data,course-of-action--5fd900ac-6e6a-4ee7-9a11-ef58129cea5c,mitigation,mitigates,AML.T0020,Poison Training Data,attack-pattern--d63c873b-7e01-437d-98ef-d681099c3377,technique,"Detect modification of data and labels which may cause adversarial model drift or backdoor attacks.
",relationship--9bc0a804-cc97-4326-b88e-b01724ad1dbc,14 March 2025,14 March 2025
AML.M0006,Use Ensemble Methods,course-of-action--317157f6-b4a4-4887-99cc-7e900fb7e35a,mitigation,mitigates,AML.T0014,Discover ML Model Family,attack-pattern--9115a9b6-855a-4acf-802c-aad9eeedc310,technique,"Use multiple different models to fool adversaries of which type of model is used and how the model used.
",relationship--9f6e0260-fe8f-4f50-a24b-6386caf5a3f6,14 March 2025,14 March 2025
AML.M0006,Use Ensemble Methods,course-of-action--317157f6-b4a4-4887-99cc-7e900fb7e35a,mitigation,mitigates,AML.T0031,Erode ML Model Integrity,attack-pattern--4b0d8468-e00f-4ba2-9e18-1a2f527f08b2,technique,"Using multiple different models increases robustness to attack.
",relationship--f6ac01a3-44cb-4933-9a70-8b1cb8e6b4cc,14 March 2025,14 March 2025
AML.M0006,Use Ensemble Methods,course-of-action--317157f6-b4a4-4887-99cc-7e900fb7e35a,mitigation,mitigates,AML.T0015,Evade ML Model,attack-pattern--ccf27b22-48bf-4219-a668-fa60eb0d94a4,technique,"Using multiple different models increases robustness to attack.
",relationship--622c0c4f-7436-4844-b542-2a6bf7b0666d,14 March 2025,14 March 2025
AML.M0006,Use Ensemble Methods,course-of-action--317157f6-b4a4-4887-99cc-7e900fb7e35a,mitigation,mitigates,AML.T0010.001,ML Software,attack-pattern--f9590f8d-cb5f-47ba-a25d-76a237dd8904,technique,"Using multiple different models ensures minimal performance loss if security flaw is found in tool for one model or family.
",relationship--c6e25f4f-7a96-4761-aed2-5f6f1297eeb0,14 March 2025,14 March 2025
AML.M0006,Use Ensemble Methods,course-of-action--317157f6-b4a4-4887-99cc-7e900fb7e35a,mitigation,mitigates,AML.T0010.003,Model,attack-pattern--d3301bd5-0f28-4604-a167-15aa4f17160d,technique,"Using multiple different models ensures minimal performance loss if security flaw is found in tool for one model or family.
",relationship--51ae1969-35c2-4e25-8431-d0f52a7f7521,14 March 2025,14 March 2025
AML.M0009,Use Multi-Modal Sensors,course-of-action--08c232f3-a786-4fdb-89cd-bbd76943fd10,mitigation,mitigates,AML.T0015,Evade ML Model,attack-pattern--ccf27b22-48bf-4219-a668-fa60eb0d94a4,technique,"Using a variety of sensors can make it more difficult for an attacker to compromise and produce malicious results.
",relationship--97054f58-922e-49df-a40a-392464243447,14 March 2025,14 March 2025
AML.M0009,Use Multi-Modal Sensors,course-of-action--08c232f3-a786-4fdb-89cd-bbd76943fd10,mitigation,mitigates,AML.T0041,Physical Environment Access,attack-pattern--2693de2c-725f-4d66-abb2-a940efcff1b5,technique,"Using a variety of sensors can make it more difficult for an attacker with physical access to compromise and produce malicious results.
",relationship--3820d758-0635-468a-a066-69f49006b4ab,14 March 2025,14 March 2025
AML.M0018,User Training,course-of-action--80c18af0-9956-4f37-b1fd-49c3785d2243,mitigation,mitigates,AML.T0011.000,Unsafe ML Artifacts,attack-pattern--df46bcf0-0231-413c-9661-7f7d0e39b63e,technique,"Train users to identify attempts of manipulation to prevent them from running unsafe code which when executed could develop unsafe artifacts. These artifacts may have a detrimental effect on the system.
",relationship--cab39c70-1373-4924-b6fa-1f7990c67790,14 March 2025,14 March 2025
AML.M0018,User Training,course-of-action--80c18af0-9956-4f37-b1fd-49c3785d2243,mitigation,mitigates,AML.T0011,User Execution,attack-pattern--fe45ad62-1ed6-45fb-a6ba-19140fed8cda,technique,"Training users to be able to identify attempts at manipulation will make them less susceptible to performing techniques that cause the execution of malicious code.
",relationship--fe3e46ce-4893-49e5-9d6a-035f80ffe931,14 March 2025,14 March 2025
AML.M0008,Validate ML Model,course-of-action--9f8223a7-4fd2-44de-8854-d512dfc7fb09,mitigation,mitigates,AML.T0018.001,Inject Payload,attack-pattern--294fe4dc-ac27-4b40-ae40-8148b9876f25,technique,"Ensure that acquired models do not respond to potential backdoor triggers or adversarial bias.
",relationship--d0768bbd-a4f8-40f0-9131-14f0f452e54a,14 March 2025,14 March 2025
AML.M0008,Validate ML Model,course-of-action--9f8223a7-4fd2-44de-8854-d512dfc7fb09,mitigation,mitigates,AML.T0010.003,Model,attack-pattern--d3301bd5-0f28-4604-a167-15aa4f17160d,technique,"Ensure that acquired models do not respond to potential backdoor triggers or adversarial bias.
",relationship--cd424d51-a694-4022-9a56-86509356e7e7,14 March 2025,14 March 2025
AML.M0008,Validate ML Model,course-of-action--9f8223a7-4fd2-44de-8854-d512dfc7fb09,mitigation,mitigates,AML.T0018.000,Poison ML Model,attack-pattern--c44decce-8b70-4f42-a5e0-db0bb105d0b4,technique,"Ensure that trained models do not respond to potential backdoor triggers or adversarial bias.
",relationship--a29e4015-dce4-4870-b50f-0b2e6fd0157f,14 March 2025,14 March 2025
AML.M0014,Verify ML Artifacts,course-of-action--8d8c433c-2b16-438c-b3cc-7a91b2f24ef9,mitigation,mitigates,AML.T0010,ML Supply Chain Compromise,attack-pattern--a4783291-4917-4ea8-8f34-b9b6180ae332,technique,"Introduce proper checking of signatures to ensure that unsafe ML artifacts will not be introduced to the system.
",relationship--b1cce42d-382b-4d20-a144-9d2aaf056ff6,14 March 2025,14 March 2025
AML.M0014,Verify ML Artifacts,course-of-action--8d8c433c-2b16-438c-b3cc-7a91b2f24ef9,mitigation,mitigates,AML.T0019,Publish Poisoned Datasets,attack-pattern--89461ddf-4d27-40e7-ba53-8221012fe9c1,technique,"Determine validity of published data in order to avoid using poisoned data that introduces vulnerabilities.
",relationship--1bced3cf-0ca8-47f0-ba4d-9ce0285cc991,14 March 2025,14 March 2025
AML.M0014,Verify ML Artifacts,course-of-action--8d8c433c-2b16-438c-b3cc-7a91b2f24ef9,mitigation,mitigates,AML.T0011.000,Unsafe ML Artifacts,attack-pattern--df46bcf0-0231-413c-9661-7f7d0e39b63e,technique,"Introduce proper checking of signatures to ensure that unsafe ML artifacts will not be executed in the system.
",relationship--d0ca58f0-d22c-4ba6-b924-8f6eab12944d,14 March 2025,14 March 2025
AML.M0016,Vulnerability Scanning,course-of-action--698b729b-7703-4fd2-85a2-219386f1c37f,mitigation,mitigates,AML.T0018,Backdoor ML Model,attack-pattern--2ea7686d-a65f-4e06-b962-02495a8f1cdb,technique,"Techniques such as neural payload injection can make model artifacts vulnerable to adversarial queries. Scan model artifacts for signs of compromise.
",relationship--98bbd9d6-a3fe-4fb5-b2ec-d146e6b40079,14 March 2025,14 March 2025
AML.M0016,Vulnerability Scanning,course-of-action--698b729b-7703-4fd2-85a2-219386f1c37f,mitigation,mitigates,AML.T0011.000,Unsafe ML Artifacts,attack-pattern--df46bcf0-0231-413c-9661-7f7d0e39b63e,technique,"Scan ML artifacts for vulnerabilities before execution.
",relationship--f524afb9-119a-4650-9f2d-9ff2c1e39422,14 March 2025,14 March 2025